# shell\symbols\globals.tsv - I76SHELL.DLL (pristine deb41008...), generated by shell\tools\names.py. class per gate A adapted to the DLL:
# .data 0x10043000.. (file 0x41800..0x4e000) = init, beyond raw size = bss. width 4 unless stated; sites = capstone-decoded instructions referencing the address (checked).
addr	class	width	type	name	status	readers	writers	bound_evidence	evidence_ids	module	evidence
0x10047720	init	4	u32	mouse_debug_readout_off	supported					i76shell.dll	1 in file (.data 0x45f20); 0 enables the right-button '(%d,%d)' readout (FIXES F6); sites 0x1001fc08
0x10051c50	bss	4	HANDLE	shell_heap	supported					i76shell.dll	HeapCreate result (import-callee HeapCreate 0x1001e349); sites 0x1001e351 0x10008287
0x10055d90	bss	4	u32	widget_last_clicked_id	supported					i76shell.dll	id (+0x28) of the last clicked static widget; sites 0x1000e1d7 0x1000e73f
0x10057f38	bss	60	DirRecord	save_edit_record	supported					i76shell.dll	static 60-byte savegame.dir record being edited (+0 scene, +4 name, +0x24 file); sites 0x10014870 0x10014b20 0x10014e20
0x10057f74	bss	4	u32	save_row_picked	supported					i76shell.dll	1 after a list row was clicked (commit goes straight to the prompt); sites 0x10014905 0x10014a78 0x10014d75
0x10057f78	bss	4	u32	save_done	proposed					i76shell.dll	set when a save was written; frame then closes the menu; sites 0x10014608 0x10014c4e 0x10014f8f
0x10057f7c	bss	4	i32	save_scroll	supported					i76shell.dll	first visible row; sites 0x10014602 0x10014d28
0x10057f80	bss	4	i32	save_slot	supported					i76shell.dll	slot for the next save; reset to -1 at every SaveMenu_Edit entry (FIXES F2); sites 0x10014866 0x10014a26 0x10014f4e
0x10057f84	bss	4	i32	save_overwrite_slot	supported					i76shell.dll	slot of the matched existing bookmark (overwrite YES path); sites 0x1001493b 0x10014c42
0x10057f88	bss	4	List*	save_regions	supported					i76shell.dll	Save Bookmark hit regions (static table 0x10047600); sites 0x1001465b 0x10014d04
0x10057f8c	bss	4	List*	save_bookmark_list	supported					i76shell.dll	bookmark list built from savegame.dir each visit; sites 0x10014668 0x100149c5 0x10014f53
0x10058198	bss	4	void**	shell_cb_table	anchored					i76shell.dll	ShellMain arg 9: the exe's 27-entry callback table (table-entry boundary with exe shell_cb_00..26); sites 0x1001e2e3 0x1001e9bb
0x100581a0	bss	2244	GarageRec[]	garage_records	supported					i76shell.dll	0x8c4-stride vehicle records (Cmp_Write writes one; cb 05 fills); sites 0x10032a13 0x10002868
0x100c5ad8	bss	4	void*	shell_player_block	supported					i76shell.dll	ShellMain arg 12 = &exe 0x5dce80: +0x20 play mode, +0x38 vehicle index; sites 0x1001e2e8 0x1000e649 0x100329ed
0x100c6288	bss	4	PartRec[]	parts_catalog	proposed					i76shell.dll	cb slot 00 BuildPartsCatalogue target; sites 0x100027be 0x10024086
0x100cc50c	bss	4	KeyInput*	shell_keyinput	supported					i76shell.dll	KeyInput object (KeyInput_Poll this); sites 0x1001e96f 0x1001da6b
0x100cc514	bss	4	Mouse*	shell_mouse	supported					i76shell.dll	mouse object: +0x2c x, +0x30 y (UI space), +0x34/+0x38/+0x3c buttons, +0x10 left press edge; sites 0x1001e941 0x1000e6e8 0x10014cf9
0x100cc518	bss	4	void*	shell_display	proposed					i76shell.dll	display/surface object (627 refs; LoadScreenBackground this); sites 0x1001e466 0x1000e55b
0x100cc53c	bss	4	TMPackDataBaseObj*	shell_db	supported					i76shell.dll	DATABASE.MW2 object (created 0x1001e3ed); sites 0x1001e410 0x100259a7
0x100d2164	bss	4	u32*	shell_p_prev_gamestate	supported					i76shell.dll	address of ShellMain arg 11 (the exe's previous game_state); sites 0x1001e2ee 0x100147cb 0x100149ad
0x100d2168	bss	4	u32	shell_current_screen_msg	supported					i76shell.dll	last screen message 0xC008..0xC026 (written in every ShellWindowProc screen case; read by Options to pick its layout); sites 0x1001df10 0x1001df31 0x1001df58 0x1001dfa4 0x1001e0ae 0x1001e17b 0x1001e5dc 0x1000e636
0x100d2170	bss	4	void*	shell_setup_block	proposed					i76shell.dll	ShellMain arg 10 (WinMain stack struct; +0x5d mission name); sites 0x1001e2f4
0x100d2180	bss	4	u32*	shell_p_scene	supported					i76shell.dll	ShellMain arg 7 = &exe 0x4c2160: trip scene counter (incremented 0x1001eaff; 'Scene %d.'; t%2.2d.msn); sites 0x1001e2d3 0x1001eaf7 0x100147d5 0x1001484e
0x100d2194	bss	4	u32	shell_next_menu_index	supported					i76shell.dll	target index 0..11 into jump table 0x1001e1c8 (cmp eax,0xb at 0x1001daaf); sites 0x1001daaa 0x1000e75e 0x1001e193
0x100d219c	bss	4	fnptr	shell_screen_fn	supported					i76shell.dll	per-frame screen function (Register/UnregisterScreenFunction); sites 0x1001eca4 0x1001ecbd 0x1001ea27
0x100d21a0	bss	4	fnptr	shell_menu_fn	supported					i76shell.dll	per-frame notepad menu function (Register/UnregisterMenuFunction); sites 0x1001ed34 0x1001ed4d 0x1001ea15 0x1001da9b
0x100d21a4	bss	4	fnptr	shell_modal_fn	proposed					i76shell.dll	general popup frame function (garage pickers, repair popup, scroll lists, network lists); highest priority each frame; sites 0x1000a8f6 0x1000b2c4 0x1001ea08
0x100d21a8	bss	4	fnptr	shell_redraw_fn	proposed					i76shell.dll	screen redraw callback set by constructors, called after a modal closes; sites 0x10025a13 0x1000bdb7
0x100d21ac	bss	4	u32	shell_menu_transition_pending	supported					i76shell.dll	1 = go to menu shell_next_menu_index on the next window message; sites 0x1001da83 0x1001da8f 0x1000e758
0x100d21c0	bss	4	u32	shell_wndproc_enabled	supported					i76shell.dll	0 = ShellWindowProc returns 0 for everything; sites 0x1001da10 0x1001e9ac
0x100f5360	bss	4	void*	shell_string_table	proposed					i76shell.dll	table for StringTable_Lookup; sites 0x1000e30e 0x10014b58
0x100f6364	bss	4	void*	shell_video_modes	proposed					i76shell.dll	ShellMain arg 13 = &exe 0x4f9e08; sites 0x1001e2c6
0x100f6368	bss	4	void*	shell_ddraw_block	supported					i76shell.dll	ShellMain arg 6 (exe 0x643920 or 0): DirectDraw vs GDI presentation; sites 0x1001e2bd 0x10038804
0x100f7018	bss	4	u32	ui_height	supported					i76shell.dll	constant 480 (0x1e0); sites 0x1001e42a 0x1001fcc1
0x100f701c	bss	4	u32	ui_width	supported					i76shell.dll	constant 640 (0x280) stored after GetClientRect; mouse range check; sites 0x1001e420 0x1001fcb1
0x100f7020	bss	4	HMODULE	shell_hinstance	proposed					i76shell.dll	ShellMain arg 1; sites 0x1001e37f
0x100f702c	bss	4	HWND	shell_hwnd	supported					i76shell.dll	ShellMain arg 5; GetClientRect / PostMessageA / ScreenToClient target; sites 0x1001e385 0x1001e3fd 0x1001fc97
