# imports.tsv - one row per IAT slot (class iat, [0x4bc000,0x4bc404)); dll/name from the import descriptor (pefile)
# call_sites: method=capstone `call dword ptr [slot]` (FF15) sites in Ghidra function bodies
# load_sites: method=capstone any other operand equal to the slot (mov reg,[slot] / push [slot] / cmp [slot],.. / imm32)
# jmp_sites: `jmp dword ptr [slot]` thunks (FF25); thunk_caller_sites: direct `call thunk` sites (not counted in call_sites)
# functions: enclosing Ghidra functions of call+load+jmp sites (thunk callers listed separately); gap_sites: sites in .text outside every Ghidra function body (counted in call/load, not in functions)
# ghidra_refs: pass-4 imports_xrefs.csv iat_refs_from_code (Ghidra reference manager); ghidra_* columns carried verbatim
iat_slot	dll	name	call_sites	load_sites	ghidra_refs	functions	jmp_sites	jmp_site_list	thunk_caller_sites	thunk_caller_functions	ghidra_total_call_sites	ghidra_functions	call_site_list	load_site_list	gap_sites
0x4bc2a4	Strlkup.dll	StrLookupFormat	0	0	1	0x4ba350	1	0x4ba350	0		4	00463a80;00464890;0046ce30;004ba350			
0x4bc2a8	Strlkup.dll	StrLookup_Global_Object	0	201	201	0x402b30;0x404d80;0x44b6f0;0x44c060;0x44c270;0x44c390;0x44e500;0x44ff90;0x4532c0;0x453b00;0x453d00;0x453df0;0x454340;0x454960;0x454c10;0x4556c0;0x4559a0;0x456ea0;0x456fb0;0x463a80;0x464890;0x46ce30;0x46e6e0;0x470d90;0x470f90;0x471250;0x4761a0;0x496ab0;0x497760;0x497b20;0x4b4c10;0x4b4e40;0x4b4fe0;0x4b5170;0x4b5310;0x4b5470;0x4b56d0;0x4b58a0	0		0		201	00402b30;00404d80;0044b6f0;0044c060;0044c270;0044c390;0044e500;0044ff90;004532c0;00453b00;00453d00;00453df0;00454340;00454960;00454c10;004556c0;004559a0;00456ea0;00456fb0;00463a80;00464890;0046ce30;0046e6e0;00470d90;00470f90;00471250;004761a0;00496ab0;00497760;00497b20;004b4c10;004b4e40;004b4fe0;004b5170;004b5310;004b5470;004b56d0;004b58a0		0x402b4e;0x402b59;0x402b6c;0x402b8c;0x402ba1;0x402bbc;0x402bdc;0x402bf1;0x402c0c;0x402c2c;0x402c41;0x402c5f;0x402c7c;0x4037fa;0x403b12;0x403b96;0x403c0a;0x403c86;0x4047ff;0x404d89;0x44b709;0x44b716;0x44b731;0x44b751;0x44b766;0x44b797;0x44c13b;0x44c203;0x44c336;0x44c451;0x44e551;0x44e605;0x44ffb7;0x44ffca;0x44ffea;0x44ffff;0x45001a;0x45003a;0x45004f;0x45006a;0x45008a;0x45009f;0x4500ba;0x450193;0x4502d2;0x453414;0x4534a0;0x453b5e;0x453d20;0x453d4c;0x453e11;0x453e4f;0x453fc7;0x454005;0x454508;0x454579;0x454b02;0x454b70;0x454d3c;0x454daa;0x455719;0x455b69;0x456ecb;0x4570a0;0x464085;0x464cf7;0x46d08f;0x46ea2f;0x470da7;0x470db6;0x470dc9;0x4710eb;0x471111;0x471120;0x471133;0x4713b2;0x47641c;0x496d0c;0x4976f4;0x4977d8;0x4977f9;0x497b20;0x497b32;0x497b4d;0x497b6d;0x497b82;0x497b9d;0x497bbd;0x497bd2;0x497bed;0x497c0d;0x497c22;0x497c3d;0x497c5d;0x497c72;0x497c8d;0x497cad;0x497cc2;0x497cdd;0x497cfd;0x497d12;0x497d2d;0x497d4d;0x497d62;0x497d8a;0x497d9d;0x497db2;0x497dcd;0x497ded;0x497e02;0x497e1d;0x497e3d;0x497e52;0x497e6d;0x497e8d;0x497ea2;0x497ebd;0x497edd;0x497ef2;0x497f0d;0x497f2d;0x497f42;0x497f5d;0x497f7d;0x497f92;0x497fad;0x497fcd;0x497fe2;0x497ffd;0x49801d;0x498032;0x49804d;0x49806d;0x498082;0x4980a7;0x4980c7;0x4980dc;0x4980f7;0x498117;0x49812c;0x498147;0x498167;0x49817c;0x498197;0x4981b7;0x4981cc;0x4981e7;0x498207;0x49821c;0x498299;0x498301;0x498316;0x498331;0x498351;0x498366;0x498381;0x4983a1;0x4983b6;0x4983d1;0x4983f1;0x498406;0x498421;0x498441;0x498456;0x498471;0x498491;0x4984a6;0x4984c1;0x4984e1;0x4984f6;0x498511;0x498534;0x498546;0x498561;0x498581;0x498596;0x4985b1;0x4985d1;0x4985e6;0x4b4d5c;0x4b4e79;0x4b5019;0x4b51a9;0x4b536a;0x4b549d;0x4b56d1;0x4b56e7;0x4b5702;0x4b5722;0x4b5737;0x4b5752;0x4b5772;0x4b5787;0x4b57a2;0x4b5918;0x4b594c;0x4b5a36;0x4b5ab2;0x4b5b42;0x4b5e82;0x4b6077	0x453fc7;0x454005;0x4976f4
0x4bc2ac	Strlkup.dll	StrLookupDestroy	0	0	1	0x409720	1	0x409720	0		2	00402b30;00409720			
0x4bc2b0	Strlkup.dll	StrLookupCreate	0	0	1	0x40972c	1	0x40972c	0		2	00402b30;0040972c			
0x4bc2b4	Strlkup.dll	StrLookupFind	0	0	1	0x409726	1	0x409726	0		198	00402b30;00404d80;00409726;0044b6f0;0044c060;0044c270;0044c390;0044e500;0044ff90;004532c0;00453b00;00453d00;00453df0;00454340;00454960;00454c10;004556c0;004559a0;00456ea0;00456fb0;00463a80;00464890;0046ce30;0046e6e0;00470d90;00470f90;00471250;004761a0;00496ab0;00497760;00497b20;004b4c10;004b4e40;004b4fe0;004b5170;004b5310;004b5470;004b56d0;004b58a0			
0x4bc0a0	KERNEL32.dll	GetProcAddress	0	3	26	0x4022e0;0x426900;0x446020	0		0		26	004022e0;00426900;00446020		0x402302;0x426922;0x446075	
0x4bc0a4	KERNEL32.dll	FreeLibrary	4	0	8	0x402b30;0x426900	0		0		8	00402b30;00426900	0x4047e9;0x426988;0x4269a8;0x426b18		
0x4bc0a8	KERNEL32.dll	SetPriorityClass	1	1	5	0x402b30	0		0		5	00402b30	0x404ae8	0x403e4e	0x404ae8
0x4bc0ac	KERNEL32.dll	GetCurrentProcess	1	1	5	0x402b30	0		0		5	00402b30	0x404ae1	0x403e41	0x404ae1
0x4bc0b0	KERNEL32.dll	LoadLibraryA	3	0	6	0x402b30;0x426900;0x446020	0		0		6	00402b30;00426900;00446020	0x402db3;0x426912;0x446061		
0x4bc0b4	KERNEL32.dll	GetProcessHeap	1	0	2	0x499c30	0		0		2	00499c30	0x499c30		
0x4bc0b8	KERNEL32.dll	GetCurrentDirectoryA	3	0	6	0x4769e0;0x476c90	0		0		6	004769e0;00476c90	0x476a1b;0x476b84;0x476cb0		
0x4bc0bc	KERNEL32.dll	CreateFileMappingA	1	0	2	0x471400	0		0		2	00471400	0x4714a9		
0x4bc0c0	KERNEL32.dll	MapViewOfFile	1	0	2	0x471400	0		0		2	00471400	0x4714c0		
0x4bc0c4	KERNEL32.dll	UnmapViewOfFile	2	0	4	0x471400;0x471540	0		0		4	00471400;00471540	0x4714e0;0x47154e		
0x4bc0c8	KERNEL32.dll	GetVolumeInformationA	1	4	11	0x470d40;0x470d90;0x470ed0;0x470f90;0x471250	0		0		11	00470d40;00470d90;00470ed0;00470f90;00471250	0x470d76	0x470d95;0x470ed8;0x470fd6;0x4712ac	
0x4bc0cc	KERNEL32.dll	GetLogicalDrives	2	0	4	0x470cd0;0x471250	0		0		4	00470cd0;00471250	0x470ce0;0x47126a		
0x4bc0d0	KERNEL32.dll	GetDriveTypeA	0	2	4	0x470cd0;0x471250	0		0		4	00470cd0;00471250		0x470ce6;0x471270	
0x4bc0d4	KERNEL32.dll	HeapCompact	1	0	2	0x46fa80	0		0		2	0046fa80	0x46faa3		
0x4bc0d8	KERNEL32.dll	CreateFileA	2	0	4	0x455fa0;0x471400	0		0		4	00455fa0;00471400	0x45604b;0x47148f		
0x4bc0dc	KERNEL32.dll	GetFileTime	1	0	2	0x455fa0	0		0		2	00455fa0	0x45605d		
0x4bc0e0	KERNEL32.dll	CloseHandle	1	2	8	0x455fa0;0x471400;0x471540	0		0		8	00455fa0;00471400;00471540	0x456064	0x4714ea;0x471557	
0x4bc0e4	KERNEL32.dll	HeapReAlloc	6	0	12	0x499d20;0x4a11e0;0x4ad450;0x4b23e0;0x4b2b30	0		0		12	00499d20;004a11e0;004ad450;004b23e0;004b2b30	0x448750;0x499d33;0x4a128a;0x4ad481;0x4b2801;0x4b2c91		0x448750
0x4bc0e8	KERNEL32.dll	HeapSize	2	2	11	0x446c90;0x4471e0;0x447270	0		0		11	00446c90;004471e0;00447270	0x446ded;0x446e41	0x4471e1;0x447272	
0x4bc0ec	KERNEL32.dll	GetModuleHandleA	2	0	4	0x446020;0x4ba0e0	0		0		4	00446020;004ba0e0	0x446050;0x4ba22a		
0x4bc0f0	KERNEL32.dll	DeleteFileA	2	1	8	0x4769e0;0x476c90;0x493c10	0		0		8	004769e0;00476c90;00493c10	0x476d77;0x493c32	0x476a03	
0x4bc0f4	KERNEL32.dll	OutputDebugStringA	4	0	8	0x446020;0x446110;0x446170	0		0		8	00446020;00446110;00446170	0x4460c5;0x4460fd;0x44614f;0x446189		
0x4bc0f8	KERNEL32.dll	lstrcatA	1	0	2	0x433d90	0		0		2	00433d90	0x433dc0		
0x4bc0fc	KERNEL32.dll	lstrcpyA	1	1	5	0x433d90	0		0		5	00433d90	0x433dd0	0x42fc41	0x42fc41
0x4bc100	KERNEL32.dll	GetTickCount	9	1	21	0x41b270;0x423400;0x423620;0x42f6b0;0x479a90;0x49c7f0;0x49c920	0		0		21	0041b270;00423400;00423620;0042f6b0;00479a90;0049c7f0;0049c920	0x41b27a;0x42340d;0x42375e;0x4237fb;0x423962;0x42f74c;0x479b0c;0x49c85f;0x49c929	0x479be3	0x423962
0x4bc104	KERNEL32.dll	HeapFree	44	26	155	0x4149f0;0x425130;0x425ef0;0x43e390;0x43e4c0;0x43e8f0;0x43eb70;0x445ba0;0x445fd0;0x4464e0;0x446870;0x446c90;0x447270;0x447e10;0x449e60;0x44a630;0x44ae50;0x44af80;0x44b030;0x44b100;0x44b2d0;0x45ed70;0x45ee80;0x45ef70;0x45f0f0;0x45f3d0;0x45f8f0;0x45faf0;0x461270;0x46fab0;0x46fbe0;0x470070;0x474d40;0x499d40;0x49aee0;0x49b0e0;0x49b720;0x49b770;0x49b800;0x49c260;0x49c2a0;0x49c360;0x49f100;0x49f1d0;0x49f2f0;0x49f470;0x49f5c0;0x4a05a0;0x4a12f0;0x4a1810;0x4a1f90;0x4a2cd0;0x4a9020;0x4a91e0;0x4ad600;0x4b23e0;0x4b3030;0x4b3550;0x4b9800;0x4b9af0;0x4b9bd0	0		0		155	004149f0;00425130;00425ef0;0043e390;0043e4c0;0043e8f0;0043eb70;00445ba0;00445fd0;004464e0;00446870;00446c90;00447270;00447e10;00449e60;0044a630;0044ae50;0044af80;0044b030;0044b100;0044b2d0;0045ed70;0045ee80;0045ef70;0045f0f0;0045f3d0;0045f8f0;0045faf0;00461270;0046fab0;0046fbe0;00470070;00474d40;00499d40;0049aee0;0049b0e0;0049b720;0049b770;0049b800;0049c260;...	0x414a86;0x414b12;0x425a44;0x425bcc;0x426032;0x44600a;0x449fe6;0x44a08f;0x44aef3;0x44b0e8;0x44b41b;0x45ee70;0x45ef64;0x45f080;0x45f20d;0x45f3de;0x460001;0x46fb0f;0x46fcb9;0x4701f4;0x474d6c;0x499d51;0x49b075;0x49b1dd;0x49b969;0x49c27f;0x49c384;0x49c39c;0x49f171;0x49f1de;0x49f388;0x49f677;0x4a05d7;0x4a17de;0x4a1b3d;0x4a92b6;0x4ad612;0x4b2815;0x4b32b7;0x4b355e;0x4b9a69;0x4b9cc2;0x4b9cfc;0x4b9d4e	0x43e39f;0x43e4f9;0x43e8fd;0x43eb84;0x445f15;0x446556;0x446871;0x446d0c;0x44728a;0x447f2b;0x44a05e;0x44a632;0x44af94;0x44b114;0x45f8fc;0x45fe88;0x45ff28;0x4612b1;0x49b73c;0x49b77e;0x49c2ac;0x49f47e;0x4a1f98;0x4a2cd3;0x4a902b;0x4b9b08	
0x4bc108	KERNEL32.dll	HeapAlloc	60	11	152	0x4102d0;0x410490;0x4105a0;0x410720;0x425e60;0x43e3f0;0x43e7a0;0x43e850;0x43e990;0x445f70;0x4461e0;0x446330;0x4469a0;0x446c90;0x4474b0;0x449680;0x449a00;0x44a290;0x44aa20;0x44ab90;0x44ac80;0x44ae50;0x45ebd0;0x45f3b0;0x45f780;0x45f810;0x45faf0;0x461270;0x46fb30;0x470070;0x474c60;0x499ce0;0x499d00;0x49aee0;0x49b0e0;0x49b800;0x49c320;0x49e970;0x49f1b0;0x49f210;0x49fb40;0x4a0ff0;0x4a25f0;0x4a9090;0x4ad410;0x4b23e0;0x4b3030;0x4b9800;0x4b9bd0	0		0		152	004102d0;00410490;004105a0;00410720;00425e60;0043e3f0;0043e7a0;0043e850;0043e990;00445f70;004461e0;00446330;004469a0;00446c90;004474b0;00449680;00449a00;0044a290;0044aa20;0044ab90;0044ac80;0044ae50;0045ebd0;0045f3b0;0045f780;0045f810;0045faf0;00461270;0046fb30;00470070;00474c60;00499ce0;00499d00;0049aee0;0049b0e0;0049b800;0049c320;0049e970;0049f1b0;0049f210;...	0x41030f;0x4105d1;0x425e74;0x43e45b;0x43e7f5;0x43e89d;0x43e9b0;0x43ea1c;0x445f89;0x4462ef;0x446434;0x446a68;0x446cfc;0x446e27;0x448309;0x448412;0x44987a;0x449ab1;0x449ae2;0x449b93;0x449c7a;0x44a477;0x44aa2e;0x44aaac;0x44abe8;0x44ac8b;0x44ad84;0x44af0d;0x45ebe0;0x45f3c1;0x45f795;0x45f864;0x45f8d2;0x4600ef;0x4612e4;0x46fbb3;0x474ca9;0x499cee;0x499d13;0x49b098;0x49b0f5;0x49b231;0x49b816;0x49c32b;0x49ea28;0x49f1ba;0x49f22e;0x49fd12;0x4a1050;0x4a2716;0x4a2878;0x4a29da;0x4a2b3c;0x4a90a9;0x4ad42b;0x4b254d;0x4b26d5;0x4b3253;0x4b9c51;0x4b9d16	0x4104c6;0x41072b;0x410811;0x41090a;0x4461fb;0x44638c;0x4476c1;0x4497ad;0x44a3ac;0x47019a;0x4b989e	0x448309;0x448412
0x4bc10c	KERNEL32.dll	HeapDestroy	20	7	64	0x40a030;0x4216e0;0x43e970;0x445b10;0x446870;0x446c70;0x447c80;0x447fd0;0x44a630;0x44b100;0x45eba0;0x45f4d0;0x46fab0;0x474c40;0x499c50;0x499cb0;0x49b770;0x49c2a0;0x49c3b0;0x49f100;0x49f470;0x49f5c0;0x4a1f90;0x4a2cd0;0x4a9020;0x4ad600;0x4b9df0	0		0		64	0040a030;004216e0;0043e970;00445b10;00446870;00446c70;00447c80;00447fd0;0044a630;0044b100;0045eba0;0045f4d0;0046fab0;00474c40;00499c50;00499cb0;0049b770;0049c2a0;0049c3b0;0049f100;0049f470;0049f5c0;004a1f90;004a2cd0;004a9020;004ad600;004b9df0	0x40a036;0x421703;0x43e976;0x445b24;0x447fdd;0x44b19f;0x46fb1c;0x474c46;0x499c5a;0x499cba;0x49b7d6;0x49c2f0;0x49c3b6;0x49f4e2;0x49f6f7;0x4a1fd8;0x4a2d1c;0x4a9057;0x4ad630;0x4b9df6	0x4468da;0x446c76;0x447d08;0x44a70e;0x45eba6;0x45f4fa;0x49f192	
0x4bc110	KERNEL32.dll	HeapCreate	19	7	62	0x409740;0x4211b0;0x43e950;0x445a60;0x4461a0;0x446900;0x447420;0x447f90;0x449610;0x44ae30;0x45eb70;0x45f3f0;0x46fb30;0x474c10;0x499c90;0x49aee0;0x49b7e0;0x49c300;0x49e8f0;0x49f1f0;0x49f790;0x4a0f60;0x4a25f0;0x4a9020;0x4ad410;0x4b9dd0	0		0		62	00409740;004211b0;0043e950;00445a60;004461a0;00446900;00447420;00447f90;00449610;0044ae30;0045eb70;0045f3f0;0046fb30;00474c10;00499c90;0049aee0;0049b7e0;0049c300;0049e8f0;0049f1f0;0049f790;004a0f60;004a25f0;004a9020;004ad410;004b9dd0	0x409779;0x4213e1;0x43e956;0x445af3;0x447f96;0x44ae36;0x46fba0;0x474c19;0x499c9c;0x49aefb;0x49b7f0;0x49c306;0x49f1f6;0x49f88c;0x4a0f6c;0x4a25fc;0x4a9063;0x4ad417;0x4b9dd6	0x4461a7;0x446949;0x44743f;0x449611;0x45eb71;0x45f3f5;0x49e8f4	
0x4bc114	KERNEL32.dll	CopyFileA	1	0	2	0x4939d0	0		0		2	004939d0	0x493b12		
0x4bc118	KERNEL32.dll	SetFileAttributesA	1	1	5	0x4939d0;0x493c10	0		0		5	004939d0;00493c10	0x493c27	0x493af1	
0x4bc11c	KERNEL32.dll	VirtualFree	2	0	4	0x498940;0x498a00	0		0		4	00498940;00498a00	0x4989c4;0x498a3d		
0x4bc120	KERNEL32.dll	VirtualAlloc	1	1	5	0x498940;0x498a50	0		0		5	00498940;00498a50	0x498ad1	0x498970	
0x4bc124	KERNEL32.dll	GetSystemInfo	2	0	4	0x498940;0x499950	0		0		4	00498940;00499950	0x49894c;0x49995b		
0x4bc128	KERNEL32.dll	VirtualQuery	1	0	2	0x498a50	0		0		2	00498a50	0x498a99		
0x4bc12c	KERNEL32.dll	GetSystemDefaultLCID	1	0	2	0x499640	0		0		2	00499640	0x499647		
0x4bc130	KERNEL32.dll	GlobalMemoryStatus	0	0	0		0		0		0				
0x4bc134	KERNEL32.dll	FindFirstFileA	2	0	4	0x4b2220;0x4b28c0	0		0		4	004b2220;004b28c0	0x4b22fc;0x4b2988		
0x4bc138	KERNEL32.dll	FindClose	1	0	2	0x4b28c0	0		0		2	004b28c0	0x4b2a07		
0x4bc13c	KERNEL32.dll	FindNextFileA	1	0	2	0x4b28c0	0		0		2	004b28c0	0x4b29fb		
0x4bc140	KERNEL32.dll	GetStartupInfoA	1	0	2	0x4ba0e0	0		0		2	004ba0e0	0x4ba209		
0x4bc2bc	USER32.dll	SetCursorPos	1	3	11	0x44b830;0x44b8c0;0x44bb40;0x44bcc0	0		0		11	0044b830;0044b8c0;0044bb40;0044bcc0	0x44b895	0x44b989;0x44bbe4;0x44bd15	
0x4bc2c0	USER32.dll	ScreenToClient	8	0	16	0x44b830;0x44b8c0;0x44bb40;0x44bcc0	0		0		16	0044b830;0044b8c0;0044bb40;0044bcc0	0x44b859;0x44b9b0;0x44ba10;0x44babf;0x44bc00;0x44bc61;0x44bd32;0x44bd92		
0x4bc2c4	USER32.dll	ClipCursor	3	0	6	0x44b7f0;0x44b8c0;0x44bcc0	0		0		6	0044b7f0;0044b8c0;0044bcc0	0x44b7f3;0x44b97b;0x44bce7		
0x4bc2c8	USER32.dll	GetFocus	7	1	18	0x44b830;0x44b8c0;0x44bb40;0x44bcc0;0x450870;0x49a670	0		0		18	0044b830;0044b8c0;0044bb40;0044bcc0;00450870;0049a670	0x44b833;0x44bbcc;0x44bc40;0x44bcf7;0x44bd72;0x45089f;0x49a6ac	0x44b8c4	
0x4bc2cc	USER32.dll	ShowCursor	0	5	25	0x44b7f0;0x44b830;0x44b8c0;0x44bb40;0x44bcc0	0		0		25	0044b7f0;0044b830;0044b8c0;0044bb40;0044bcc0		0x44b7f9;0x44b89b;0x44b98f;0x44bbd8;0x44bd03	
0x4bc2d0	USER32.dll	GetCursorPos	4	2	14	0x44b830;0x44b8c0;0x44bb40;0x44bcc0	0		0		14	0044b830;0044b8c0;0044bb40;0044bcc0	0x44b847;0x44b99e;0x44b9ff;0x44baa9	0x44bbde;0x44bd09	
0x4bc2d4	USER32.dll	GetKeyState	6	0	12	0x44e750;0x44e920	0		0		12	0044e750;0044e920	0x44e7d8;0x44e7f0;0x44e808;0x44e987;0x44e99f;0x44e9b7		
0x4bc2d8	USER32.dll	MapVirtualKeyA	2	0	4	0x44e750;0x44e920	0		0		4	0044e750;0044e920	0x44e7b2;0x44e961		
0x4bc2dc	USER32.dll	GetAsyncKeyState	0	1	4	0x44b8c0	0		0		4	0044b8c0		0x44ba5c	
0x4bc2e0	USER32.dll	SetMenu	1	0	2	0x4761a0	0		0		2	004761a0	0x476389		
0x4bc2e4	USER32.dll	SetWindowLongA	1	0	2	0x48de10	0		0		2	0048de10	0x48e062		
0x4bc2e8	USER32.dll	SetFocus	1	0	2	0x4761a0	0		0		2	004761a0	0x4763b7		
0x4bc2ec	USER32.dll	SendMessageA	3	0	6	0x4769e0;0x476c90	0		0		6	004769e0;00476c90	0x476b59;0x476c70;0x476d91		
0x4bc2f0	USER32.dll	SetWindowPos	1	0	2	0x48de10	0		0		2	0048de10	0x48e0b9		
0x4bc2f4	USER32.dll	SetRect	0	2	7	0x433410;0x433ca0	0		0		7	00433410;00433ca0		0x43341f;0x433cc0	
0x4bc2f8	USER32.dll	ClientToScreen	2	3	17	0x433d10;0x44b830;0x44b8c0;0x44bb40;0x44bcc0	0		0		17	00433d10;0044b830;0044b8c0;0044bb40;0044bcc0	0x433d34;0x44b885	0x44b8f8;0x44bb4e;0x44bd0f	
0x4bc2fc	USER32.dll	wsprintfA	1	0	2	0x446110	0		0		2	00446110	0x446141		
0x4bc300	USER32.dll	ReleaseDC	11	0	22	0x42d3f0;0x432900;0x433050;0x4750a0;0x475180;0x48d870;0x48dbd0;0x48de10	0		0		22	0042d3f0;00432900;00433050;004750a0;00475180;0048d870;0048dbd0;0048de10	0x42d401;0x4329c4;0x4330d3;0x4750b1;0x47522f;0x48d8cc;0x48da92;0x48db63;0x48dc19;0x48dedf;0x48df92		
0x4bc304	USER32.dll	GetDC	7	0	14	0x42d3d0;0x432900;0x433050;0x475080;0x475180;0x4761a0;0x48d870	0		0		14	0042d3d0;00432900;00433050;00475080;00475180;004761a0;0048d870	0x42d3db;0x432995;0x4330b7;0x47508b;0x4751e9;0x476405;0x48d946		
0x4bc308	USER32.dll	AdjustWindowRect	5	0	10	0x42d0c0;0x431500;0x433df0;0x4761a0;0x48de10	0		0		10	0042d0c0;00431500;00433df0;004761a0;0048de10	0x42d153;0x43158f;0x433e98;0x47628d;0x48e047		
0x4bc30c	USER32.dll	GetSystemMetrics	0	5	15	0x42d0c0;0x431500;0x433df0;0x476000;0x4761a0	0		0		15	0042d0c0;00431500;00433df0;00476000;004761a0		0x42d198;0x4315d4;0x433edd;0x476048;0x476304	
0x4bc310	USER32.dll	CreateWindowExA	4	0	8	0x42d0c0;0x431500;0x433df0;0x4761a0	0		0		8	0042d0c0;00431500;00433df0;004761a0	0x42d1c7;0x431603;0x433f0c;0x47634d		
0x4bc314	USER32.dll	UpdateWindow	5	0	10	0x42d0c0;0x431500;0x433df0;0x4761a0	0		0		10	0042d0c0;00431500;00433df0;004761a0	0x42d1eb;0x431624;0x433f2d;0x476399;0x4763b0		
0x4bc318	USER32.dll	wvsprintfA	1	0	2	0x433d90	0		0		2	00433d90	0x433db0		
0x4bc31c	USER32.dll	GetKeyboardType	0	1	4	0x499640	0		0		4	00499640		0x49964d	
0x4bc320	USER32.dll	SetCursor	1	0	2	0x44bcc0	0		0		2	0044bcc0	0x44bcdf		
0x4bc324	USER32.dll	GetClientRect	2	0	4	0x433d10	0		0		4	00433d10	0x40492b;0x433d40		0x40492b
0x4bc328	USER32.dll	GetWindowRect	1	0	2		0		0		2		0x40494d		0x40494d
0x4bc32c	USER32.dll	BeginPaint	1	0	2		0		0		2		0x4049b8		0x4049b8
0x4bc330	USER32.dll	ValidateRect	1	0	2		0		0		2		0x4049c1		0x4049c1
0x4bc334	USER32.dll	EndPaint	1	0	2		0		0		2		0x4049f6		0x4049f6
0x4bc338	USER32.dll	DefWindowProcA	3	0	6	0x44e750;0x44e920	0		0		6	0044e750;0044e920	0x404bc4;0x44e890;0x44ea3f		0x404bc4
0x4bc33c	USER32.dll	FindWindowA	1	0	2	0x402b30	0		0		2	00402b30	0x402ca5		
0x4bc340	USER32.dll	ShowWindow	8	0	16	0x402b30;0x42d0c0;0x431500;0x433df0;0x4761a0	0		0		16	00402b30;0042d0c0;00431500;00433df0;004761a0	0x402cb4;0x404a3f;0x404acf;0x42d1e4;0x43161d;0x433f26;0x476392;0x4763fc		0x404a3f;0x404acf
0x4bc344	USER32.dll	LoadCursorA	2	0	4	0x402b30;0x44bcc0	0		0		4	00402b30;0044bcc0	0x402e4b;0x44bcd8		
0x4bc348	USER32.dll	RegisterClassA	1	0	2	0x402b30	0		0		2	00402b30	0x402e7e		
0x4bc34c	USER32.dll	TranslateMessage	5	4	19	0x402b30;0x44e750;0x44e920	0		0		19	00402b30;0044e750;0044e920	0x403f7c;0x403fe0;0x4040a9;0x44e8b8;0x44ea67	0x403047;0x403745;0x404288;0x404411	
0x4bc350	USER32.dll	PeekMessageA	6	8	41	0x402b30;0x44e750;0x44e920;0x499d60;0x49a070;0x49a670;0x49a9f0	0		0		41	00402b30;0044e750;0044e920;00499d60;0049a070;0049a670;0049a9f0	0x403f3a;0x403fa4;0x40406b;0x44e766;0x44e8a9;0x44ea58	0x403041;0x40373f;0x404282;0x40440b;0x499fc8;0x49a099;0x49a87d;0x49aade	
0x4bc354	USER32.dll	DestroyWindow	2	0	4	0x402b30;0x404d80	0		0		4	00402b30;00404d80	0x40383f;0x404dcf		
0x4bc358	USER32.dll	DispatchMessageA	4	2	13	0x402b30	0		0		13	00402b30	0x403fee;0x4040b7;0x40430e;0x40449c	0x40304d;0x403739	
0x4bc35c	USER32.dll	MessageBoxA	4	0	8	0x402b30;0x404d80;0x471580;0x476000	0		0		8	00402b30;00404d80;00471580;00476000	0x40384e;0x404ddf;0x471630;0x476110		
0x4bc02c	GDI32.dll	TextOutA	3	0	6	0x496870;0x496ab0;0x4994b0	0		0		6	00496870;00496ab0;004994b0	0x49697a;0x496dfa;0x499577		
0x4bc030	GDI32.dll	CreateDIBSection	1	0	2	0x476db0	0		0		2	00476db0	0x476e3c		
0x4bc034	GDI32.dll	CreateCompatibleDC	2	0	4	0x45e2b0;0x4953e0	0		0		4	0045e2b0;004953e0	0x45e3d6;0x4954be		
0x4bc038	GDI32.dll	DeleteObject	8	5	36	0x45e2b0;0x45e780;0x48d870;0x48dbd0;0x48de10;0x4952b0;0x4956e0	0		0		36	0045e2b0;0045e780;0048d870;0048dbd0;0048de10;004952b0;004956e0	0x48d8b0;0x48d91e;0x48da75;0x48db47;0x48dbfd;0x48dec3;0x48df75;0x495729	0x45e349;0x45e486;0x45e5bf;0x45e7f0;0x4952f0	
0x4bc03c	GDI32.dll	DeleteDC	4	0	8	0x45e2b0;0x45e780	0		0		8	0045e2b0;0045e780	0x45e32c;0x45e468;0x45e5a2;0x45e7d3		
0x4bc040	GDI32.dll	SelectObject	8	8	42	0x45e2b0;0x45e780;0x45e820;0x48d870;0x48dbd0;0x48de10;0x4952b0;0x496870;0x496ab0	0		0		42	0045e2b0;0045e780;0045e820;0048d870;0048dbd0;0048de10;004952b0;00496870;00496ab0	0x48d8a3;0x48d911;0x48da69;0x48db3a;0x48dbf0;0x48deb6;0x48df68;0x496b43	0x45e308;0x45e444;0x45e584;0x45e7af;0x45e840;0x495342;0x496897;0x4969f9	
0x4bc044	GDI32.dll	GdiFlush	2	0	4	0x45e820;0x496870	0		0		4	0045e820;00496870	0x45e945;0x4969ff		
0x4bc048	GDI32.dll	SetBkMode	2	0	4	0x45e820;0x496870	0		0		4	0045e820;00496870	0x45e89b;0x4968f2		
0x4bc04c	GDI32.dll	GetTextExtentExPointA	2	0	4	0x499360;0x4994b0	0		0		4	00499360;004994b0	0x49938f;0x4994fc		
0x4bc050	GDI32.dll	Rectangle	1	0	2	0x496ab0	0		0		2	00496ab0	0x496b93		
0x4bc054	GDI32.dll	GetTextExtentPoint32A	3	0	6	0x496ab0;0x4994b0	0		0		6	00496ab0;004994b0	0x496c0a;0x496dbd;0x49958d		
0x4bc058	GDI32.dll	GetSystemPaletteEntries	4	0	8	0x432900;0x433050;0x475180;0x48d870	0		0		8	00432900;00433050;00475180;0048d870	0x4329aa;0x4330cb;0x47521b;0x48d95d		
0x4bc05c	GDI32.dll	SetDIBitsToDevice	1	0	2	0x48e110	0		0		2	0048e110	0x48e155		
0x4bc060	GDI32.dll	CreatePalette	2	0	4	0x48dc60;0x48dd70	0		0		4	0048dc60;0048dd70	0x48dd0b;0x48ddc1		
0x4bc064	GDI32.dll	SetPaletteEntries	2	0	4	0x48dc60;0x48dd70	0		0		4	0048dc60;0048dd70	0x48dd3a;0x48ddf5		
0x4bc068	GDI32.dll	GetStockObject	3	5	21	0x402b30;0x45e2b0;0x45e780;0x45e820;0x4952b0;0x496870	0		0		21	00402b30;0045e2b0;0045e780;0045e820;004952b0;00496870	0x402e5a;0x45e83a;0x496891	0x45e2fe;0x45e43a;0x45e574;0x45e7a5;0x495332	
0x4bc06c	GDI32.dll	SetTextColor	2	0	4	0x45e820;0x496870	0		0		4	0045e820;00496870	0x45e87b;0x4968d2		
0x4bc070	GDI32.dll	SetBkColor	2	0	4	0x45e820;0x496870	0		0		4	0045e820;00496870	0x45e88d;0x4968e4		
0x4bc074	GDI32.dll	CreateScalableFontResourceA	1	0	2	0x4769e0	0		0		2	004769e0	0x476ae8		
0x4bc078	GDI32.dll	AddFontResourceA	1	0	2	0x4769e0	0		0		2	004769e0	0x476b0b		
0x4bc07c	GDI32.dll	RemoveFontResourceA	2	0	4	0x4769e0;0x476c90	0		0		4	004769e0;00476c90	0x476c4c;0x476d6c		
0x4bc080	GDI32.dll	SetMapperFlags	1	0	2	0x4768f0	0		0		2	004768f0	0x4769ac		
0x4bc084	GDI32.dll	CreateFontIndirectA	1	0	2	0x4768f0	0		0		2	004768f0	0x4769b7		
0x4bc088	GDI32.dll	GetDeviceCaps	1	0	2	0x4761a0	0		0		2	004761a0	0x47640c		
0x4bc08c	GDI32.dll	SelectPalette	3	0	6	0x475180;0x48dc60;0x48dd70	0		0		6	00475180;0048dc60;0048dd70	0x4751fe;0x48dd20;0x48ddd6		
0x4bc090	GDI32.dll	RealizePalette	5	0	10	0x45e820;0x476db0;0x48dc60;0x48de10;0x496870	0		0		10	0045e820;00476db0;0048dc60;0048de10;00496870	0x45e869;0x476e7c;0x48dd46;0x48e0c5;0x4968c0		
0x4bc148	MSVCRT.dll	bsearch	9	0	18	0x470b20;0x470bc0;0x470c40;0x470c70;0x4b2b30;0x4b2e00;0x4b34f0;0x4b9b40;0x4b9bd0	0		0		18	00470b20;00470bc0;00470c40;00470c70;004b2b30;004b2e00;004b34f0;004b9b40;004b9bd0	0x470b3a;0x470bda;0x470c59;0x470c89;0x4b2c2b;0x4b2e41;0x4b352b;0x4b9b70;0x4b9c06		
0x4bc14c	MSVCRT.dll	_vsnprintf	1	0	2	0x471580	0		0		2	00471580	0x47159e		
0x4bc150	MSVCRT.dll	??3@YAXPAX@Z	0	0	1	0x4ba2f8	1	0x4ba2f8	0		16	00473760;004ba2f8;004bba40;004bba4b;004bba60;004bba6b;004bba76;004bba81;004bba97;004bbaa2;004bbab8;004bbac3;004bbae0;004bbaeb;004bbb00;004bbb0b			
0x4bc154	MSVCRT.dll	??2@YAPAXI@Z	0	0	1	0x4ba2fe	1	0x4ba2fe	0		31	00472df0;004736b0;00473760;00473960;00474620;00474850;004ba2fe			
0x4bc158	MSVCRT.dll	__CxxFrameHandler	0	0	1	0x4ba304	1	0x4ba304	0		31	004ba304;004bba56;004bbace;004bbaf6;004bbb16;004bbb2b;004bbb4b;004bbb6b;004bbb8b;004bbbab;004bbbcb;004bbbeb;004bbc0b;004bbc2b;004bbc4b;004bbc6b;004bbc8b;004bbcab;004bbccb;004bbceb;004bbd0b;004bbd2b;004bbd4b;004bbd6b;004bbd8b;004bbdab;004bbdcb;004bbdeb;004bbe0b;004bbe2b;004bbe4b			
0x4bc15c	MSVCRT.dll	fgetc	0	2	4	0x479c90	0		0		4	00479c90		0x479d69;0x479db8	
0x4bc160	MSVCRT.dll	_msize	1	0	2	0x4ad450	0		0		2	004ad450	0x4ad469		
0x4bc164	MSVCRT.dll	fputc	0	1	8	0x479ec0	0		0		8	00479ec0		0x479f9d	
0x4bc168	MSVCRT.dll	fseek	6	1	15	0x47a100;0x4b3030;0x4b3310;0x4b9800;0x4b9bd0	0		0		15	0047a100;004b3030;004b3310;004b9800;004b9bd0	0x47a175;0x4b34c0;0x4b9816;0x4b9967;0x4b99ef;0x4b9c73	0x4b31f8	
0x4bc16c	MSVCRT.dll	_stat	2	1	7	0x4939d0;0x49a4c0	0		0		7	004939d0;0049a4c0	0x493a13;0x493adf	0x49a544	
0x4bc170	MSVCRT.dll	_mbctype	0	2	2	0x499110	0		0		2	00499110		0x49916b;0x4991d1	
0x4bc174	MSVCRT.dll	setlocale	0	1	5	0x499640	0		0		5	00499640		0x499663	
0x4bc178	MSVCRT.dll	_ismbcpunct	1	0	2	0x49e690	0		0		2	0049e690	0x49e899		
0x4bc17c	MSVCRT.dll	_ismbcalnum	2	0	4	0x49e690	0		0		4	0049e690	0x49e7f2;0x49e803		
0x4bc180	MSVCRT.dll	fscanf	2	0	4	0x4b23e0	0		0		4	004b23e0	0x4b2420;0x4b267c		
0x4bc184	MSVCRT.dll	_mbsnbicmp	0	1	3	0x45dea0	0		0		3	0045dea0		0x45df95	
0x4bc188	MSVCRT.dll	_CIasin	0	0	1	0x4ba2f2	1	0x4ba2f2	0		4	0046ee60;004a3760;004ba2f2			
0x4bc18c	MSVCRT.dll	_errno	1	0	2	0x4b9740	0		0		2	004b9740	0x4b9766		
0x4bc190	MSVCRT.dll	_exit	1	0	0	0x4ba0e0	0		0		0		0x4ba25e		
0x4bc194	MSVCRT.dll	_XcptFilter	0	0	0		1	0x4ba30a	0		0				0x4ba30a
0x4bc198	MSVCRT.dll	_acmdln	0	1	1	0x4ba0e0	0		0		1	004ba0e0		0x4ba1c3	
0x4bc19c	MSVCRT.dll	__getmainargs	1	0	2	0x4ba0e0	0		0		2	004ba0e0	0x4ba1a8		
0x4bc1a0	MSVCRT.dll	_initterm	0	0	1	0x4ba310	1	0x4ba310	0		3	004ba0e0;004ba310			
0x4bc1a4	MSVCRT.dll	__setusermatherr	1	0	2	0x4ba0e0	0		0		2	004ba0e0	0x4ba168		
0x4bc1a8	MSVCRT.dll	_adjust_fdiv	0	1	1	0x4ba0e0	0		0		1	004ba0e0		0x4ba148	
0x4bc1ac	MSVCRT.dll	__p__commode	1	0	2	0x4ba0e0	0		0		2	004ba0e0	0x4ba13a		
0x4bc1b0	MSVCRT.dll	__p__fmode	1	0	2	0x4ba0e0	0		0		2	004ba0e0	0x4ba12c		
0x4bc1b4	MSVCRT.dll	__set_app_type	1	0	2	0x4ba0e0	0		0		2	004ba0e0	0x4ba10f		
0x4bc1b8	MSVCRT.dll	_controlfp	0	0	1	0x4ba340	1	0x4ba340	0		2	004ba320;004ba340			
0x4bc1bc	MSVCRT.dll	_ismbcspace	0	3	7	0x45dea0;0x499110;0x4b1a20	0		0		7	0045dea0;00499110;004b1a20		0x45dfbd;0x4991b6;0x4b1b15	
0x4bc1c0	MSVCRT.dll	_mbsnbcat	2	0	4	0x453df0	0		0		4	00453df0	0x453ea0;0x454052		0x454052
0x4bc1c4	MSVCRT.dll	_mbsicmp	1	0	2	0x4529f0	0		0		2	004529f0	0x452a09		
0x4bc1c8	MSVCRT.dll	_mbsnbcpy	9	0	18	0x4524e0;0x4541b0;0x454340;0x454620;0x454680;0x454960;0x454c10;0x49b340	0		0		18	004524e0;004541b0;00454340;00454620;00454680;00454960;00454c10;0049b340	0x45273c;0x4528a3;0x454259;0x454570;0x454662;0x4546ac;0x454b67;0x454da1;0x49b37e		
0x4bc1cc	MSVCRT.dll	tolower	3	3	13	0x44d460;0x44e750;0x44e920;0x4b16e0;0x4b20f0;0x4b95c0	0		0		13	0044d460;0044e750;0044e920;004b16e0;004b20f0;004b95c0	0x44d68b;0x44e7c2;0x44e971	0x4b197b;0x4b20f8;0x4b95cf	
0x4bc1d0	MSVCRT.dll	sscanf	15	0	30	0x44ca60;0x44cc90;0x44d460;0x455f50;0x469b00;0x470660;0x49ccd0;0x49d1d0;0x4a1810;0x4a24a0;0x4b1df0	0		0		30	0044ca60;0044cc90;0044d460;00455f50;00469b00;00470660;0049ccd0;0049d1d0;004a1810;004a24a0;004b1df0	0x44cb3f;0x44cd40;0x44ce40;0x44d5b7;0x455f60;0x469c53;0x470831;0x470949;0x4709c6;0x49ccfd;0x49d3d1;0x4a19ba;0x4a24bf;0x4b1e4e;0x4b1fb1		
0x4bc1d4	MSVCRT.dll	strstr	7	2	22	0x44c4a0;0x44cc90;0x450de0;0x46ac50;0x470070;0x4b3030;0x4b3310	0		0		22	0044c4a0;0044cc90;00450de0;0046ac50;00470070;004b3030;004b3310	0x44c502;0x44c5db;0x44c696;0x46ac9c;0x470171;0x4b30ee;0x4b33ce	0x44d03b;0x450de6	
0x4bc1d8	MSVCRT.dll	atoi	2	1	6	0x44c270;0x44c390;0x4b1df0	0		0		6	0044c270;0044c390;004b1df0	0x44c2ae;0x44c3ce	0x4b1f55	
0x4bc1dc	MSVCRT.dll	atol	1	1	7	0x4b42b0	0		0		7	004b42b0	0x4b4354	0x44879f	0x44879f
0x4bc1e0	MSVCRT.dll	toupper	6	7	28	0x4469a0;0x49bb40;0x49e970;0x49ead0;0x49ed90;0x49efe0;0x4a25f0;0x4a2bb0;0x4b42b0	0		0		28	004469a0;0049bb40;0049e970;0049ead0;0049ed90;0049efe0;004a25f0;004a2bb0;004b42b0	0x49bcbc;0x49f03a;0x4a269c;0x4a27fe;0x4a2960;0x4a2ac2	0x4469b0;0x49e98b;0x49eae9;0x49edc8;0x49ef15;0x4a2bf5;0x4b442f	0x49ef15
0x4bc1e4	MSVCRT.dll	_CIacos	0	0	1	0x4ba2bc	1	0x4ba2bc	0		2	00443150;004ba2bc			
0x4bc1e8	MSVCRT.dll	qsort	12	3	33	0x430110;0x4329e0;0x451ac0;0x451f10;0x452a20;0x470660;0x498c00;0x498d60;0x49c400;0x49c4a0;0x4a2e00;0x4a3580;0x4b23e0;0x4b2b30;0x4b9800	0		0		33	00430110;004329e0;00451ac0;00451f10;00452a20;00470660;00498c00;00498d60;0049c400;0049c4a0;004a2e00;004a3580;004b23e0;004b2b30;004b9800	0x432a36;0x451d55;0x452116;0x452b6f;0x470aa9;0x498c33;0x498f8c;0x4a2f9f;0x4a3690;0x4b26b9;0x4b2d2c;0x4b9a88	0x43022e;0x49c42f;0x49c555	
0x4bc1ec	MSVCRT.dll	fwrite	11	7	44	0x42de70;0x4524e0;0x455e60;0x479ec0;0x495170;0x4970f0;0x497290;0x4b4840;0x4b4900;0x4b49a0;0x4b95f0	0		0		44	0042de70;004524e0;00455e60;00479ec0;00495170;004970f0;00497290;004b4840;004b4900;004b49a0;004b95f0	0x42e156;0x452760;0x4528ca;0x455eef;0x479f94;0x47a0d8;0x495213;0x497232;0x4972b4;0x4976e1;0x4b49cd	0x42df8e;0x452528;0x452615;0x4527a4;0x4b489e;0x4b4920;0x4b9692	0x4976e1
0x4bc1f0	MSVCRT.dll	memmove	23	3	55	0x42dbe0;0x4345b0;0x446330;0x4466c0;0x44a740;0x44a930;0x44aa20;0x44ab90;0x44bde0;0x4621e0;0x475a30;0x4764c0;0x4766e0;0x476730;0x479780;0x479c90;0x479ec0;0x47b1a0;0x47b8c0;0x47cab0;0x48dc60;0x49ba40;0x49bb40;0x4a3580	0		0		55	0042dbe0;004345b0;00446330;004466c0;0044a740;0044a930;0044aa20;0044ab90;0044bde0;004621e0;00475a30;004764c0;004766e0;00476730;00479780;00479c90;00479ec0;0047b1a0;0047b8c0;0047cab0;0048dc60;0049ba40;0049bb40;004a3580	0x42dc07;0x4345d7;0x446419;0x446771;0x4467a5;0x44a89c;0x44a9e8;0x44aadb;0x44ac17;0x44be08;0x46241e;0x475a85;0x476723;0x47676e;0x479deb;0x47a0b7;0x47b899;0x47bed9;0x47cac6;0x48dc94;0x49ba83;0x49bbc7;0x49bd81	0x47662b;0x47978d;0x4a35fe	
0x4bc1f4	MSVCRT.dll	malloc	3	0	6	0x42d800;0x4313e0;0x433df0	0		0		6	0042d800;004313e0;00433df0	0x42d9d4;0x4313e8;0x433df9		
0x4bc1f8	MSVCRT.dll	strrchr	5	0	10	0x42d800;0x471980;0x471b70;0x471c10;0x471e50	0		0		10	0042d800;00471980;00471b70;00471c10;00471e50	0x42da37;0x4719ca;0x471bac;0x471c89;0x471ea6		
0x4bc1fc	MSVCRT.dll	_CIpow	0	0	1	0x4ba2b6	1	0x4ba2b6	0		3	00426c30;00479860;004ba2b6			
0x4bc200	MSVCRT.dll	fgets	5	1	12	0x44ca60;0x44cc90;0x44d460;0x4b20f0	0		0		12	0044ca60;0044cc90;0044d460;004b20f0	0x44ca96;0x44cda9;0x44cf26;0x44d524;0x4b211f	0x44cca0	
0x4bc204	MSVCRT.dll	strtok	4	0	8	0x44d460;0x49d1d0	0		0		8	0044d460;0049d1d0	0x44d5ec;0x44d6a5;0x49d1e3;0x49d3e1		
0x4bc208	MSVCRT.dll	_CIatan2	0	0	1	0x4ba2b0	1	0x4ba2b0	0		5	0041cc80;0041d8b0;0041ef40;004ba2b0			
0x4bc20c	MSVCRT.dll	rand	49	19	168	0x412680;0x412ce0;0x416be0;0x416e50;0x416f20;0x418200;0x41b270;0x41c300;0x41c5c0;0x41c830;0x41c900;0x41c9d0;0x41cb00;0x41d8b0;0x41e2b0;0x41e450;0x41e740;0x41e970;0x41ed00;0x41f590;0x420b30;0x420fc0;0x421400;0x4220c0;0x43ce10;0x43d640;0x4414a0;0x442f20;0x451030;0x4515e0;0x462660;0x462a90;0x463120;0x4641e0;0x465af0;0x466180;0x467e30;0x46b220;0x46b710;0x46c8b0;0x46de20;0x46f9a0;0x4953e0;0x498730;0x49c3d0;0x49c5e0;0x49c6d0;0x49fb40;0x4a0ae0;0x4a1810;0x4a4130;0x4a45c0;0x4a9090;0x4ad260;0x4b1b90	0		0		168	00412680;00412ce0;00416be0;00416e50;00416f20;00418200;0041b270;0041c300;0041c5c0;0041c830;0041c900;0041c9d0;0041cb00;0041d8b0;0041e2b0;0041e450;0041e740;0041e970;0041ed00;0041f590;00420b30;00420fc0;00421400;004220c0;0043ce10;0043d640;004414a0;00442f20;00451030;004515e0;00462660;00462a90;00463120;004641e0;00465af0;00466180;00467e30;0046b220;0046b710;0046c8b0;...	0x412739;0x4133b9;0x416e71;0x418256;0x41873b;0x41b673;0x41c32a;0x41c5ea;0x41c85a;0x41c92a;0x41c9f4;0x41cb2a;0x41dacc;0x41e325;0x41e374;0x41e4a7;0x41e4f7;0x41e53c;0x41e796;0x41ea36;0x41ed2a;0x41f5d4;0x420b66;0x420ff6;0x4215e6;0x42210d;0x43cf43;0x43d643;0x442fc5;0x451053;0x4517db;0x462c0f;0x46354b;0x464258;0x465b70;0x465bb7;0x465bd3;0x465bff;0x465cff;0x467e7a;0x46b666;0x46df4d;0x495454;0x49c3d1;0x4a1871;0x4a437b;0x4a47c2;0x4b1c0d;0x4b1c33	0x416be6;0x416f2c;0x41850a;0x418e13;0x441581;0x462805;0x466281;0x466330;0x4664e5;0x46b711;0x46ca7b;0x46f9db;0x498814;0x49c5e4;0x49c6d6;0x49fe3e;0x4a0bed;0x4a90b4;0x4ad26f	
0x4bc210	MSVCRT.dll	_stricmp	50	49	236	0x412400;0x421b40;0x4221d0;0x422230;0x4222c0;0x422540;0x422750;0x423620;0x426900;0x426b40;0x42d800;0x42ec20;0x4465b0;0x4466c0;0x446c90;0x4474b0;0x447b20;0x448940;0x448bf0;0x448e40;0x449220;0x449680;0x449a00;0x449e60;0x44a150;0x44a290;0x44a740;0x44a930;0x44ae50;0x44b030;0x44b2d0;0x44c060;0x44c270;0x44c390;0x44c4a0;0x44c8a0;0x44ca60;0x44cc90;0x44d460;0x44d950;0x44ff90;0x469d20;0x469d90;0x469de0;0x46aa80;0x46ac50;0x46b220;0x46dfe0;0x46e5a0;0x46f2b0;0x46fd40;0x46fe30;0x46fee0;0x470070;0x4702d0;0x476000;0x499640;0x49d1d0;0x4ad450;0x4ad640;0x4b16e0;0x4b23e0;0x4b28c0;0x4b2b30;0x4b3650;0x4b3aa0;0x4b42b0;0x4b4610;0x4b6850;0x4b9ad0;0x4ba640	0		0		236	00412400;00421b40;004221d0;00422230;004222c0;00422540;00422750;00423620;00426900;00426b40;0042d800;0042ec20;004465b0;004466c0;00446c90;004474b0;00447b20;00448940;00448bf0;00448e40;00449220;00449680;00449a00;00449e60;0044a150;0044a290;0044a740;0044a930;0044ae50;0044b030;0044b2d0;0044c060;0044c270;0044c390;0044c4a0;0044c8a0;0044ca60;0044cc90;0044d460;0044d950;...	0x4124c1;0x423644;0x42d9f9;0x446645;0x44674c;0x446fb6;0x449f47;0x449f78;0x44a2fd;0x44a35f;0x44a391;0x44a551;0x44ae7e;0x44c0bf;0x44c628;0x44c6e3;0x44c784;0x44c825;0x44cb71;0x44ce68;0x44d62e;0x44d6c7;0x450211;0x469d42;0x469db2;0x469e1e;0x469e5a;0x469e84;0x46abe3;0x46aeab;0x46b11e;0x46b392;0x46b5fc;0x46e106;0x46e5d9;0x46f33a;0x46f4db;0x4ad526;0x4ad677;0x4b2911;0x4b4342;0x4b698f;0x4b6a59;0x4b6b18;0x4b6bee;0x4b6ce9;0x4b6de8;0x4b6f76;0x4b70a4;0x4b9ada	0x421c58;0x4221ec;0x422243;0x4222d8;0x42260b;0x422844;0x426946;0x426b46;0x42ec87;0x447569;0x447bd8;0x44808f;0x448a10;0x448cc1;0x448fa5;0x449385;0x4496f1;0x449710;0x449908;0x449a56;0x449a70;0x449b10;0x44a013;0x44a1b4;0x44a77f;0x44a994;0x44b04a;0x44b37f;0x44c30d;0x44c428;0x44c928;0x44c9df;0x44cd52;0x44d968;0x46fdba;0x46fe6e;0x46ff69;0x4700b1;0x47030e;0x476075;0x499691;0x49d207;0x4b1721;0x4b2849;0x4b2b54;0x4b367f;0x4b3b90;0x4b46be;0x4ba67f	0x44808f;0x46f4db
0x4bc214	MSVCRT.dll	abort	2	0	4	0x410a10;0x412ce0	0		0		4	00410a10;00412ce0	0x4122c1;0x4144bc		
0x4bc218	MSVCRT.dll	div	0	1	3	0x40f1e0	0		0		3	0040f1e0		0x40f23d	
0x4bc21c	MSVCRT.dll	floor	10	0	20	0x40c210;0x40eaf0;0x415b30;0x458a30;0x477c20;0x479010	0		0		20	0040c210;0040eaf0;00415b30;00458a30;00477c20;00479010	0x40c221;0x40c255;0x40c29d;0x40c2d1;0x40eb03;0x40eb20;0x415cff;0x458a74;0x477d06;0x479082		
0x4bc220	MSVCRT.dll	_CIfmod	0	0	1	0x4ba0d6	1	0x4ba0d6	0		3	00405200;004ba0d6			
0x4bc224	MSVCRT.dll	time	5	0	10	0x402b30;0x454090;0x4a9020;0x4ad260	0		0		10	00402b30;00454090;004a9020;004ad260	0x402d91;0x4540ef;0x454137;0x4a907a;0x4ad2c9		
0x4bc228	MSVCRT.dll	setvbuf	3	0	6	0x4b3030;0x4b3310;0x4b9740	0		0		6	004b3030;004b3310;004b9740	0x4b31f2;0x4b34b2;0x4b97ae		
0x4bc22c	MSVCRT.dll	ftell	2	0	4	0x4b3030;0x4b3310	0		0		4	004b3030;004b3310	0x4b320c;0x4b34ca		
0x4bc230	MSVCRT.dll	exit	20	0	40	0x402b30;0x404d80;0x414670;0x471580;0x4b5470;0x4b58a0;0x4b6850;0x4ba0e0	0		0		40	00402b30;00404d80;00414670;00471580;004b5470;004b58a0;004b6850;004ba0e0	0x403856;0x404de7;0x414976;0x471642;0x4b568f;0x4b5fbc;0x4b6953;0x4b69c3;0x4b6a1d;0x4b6a91;0x4b6ae7;0x4b6b4c;0x4b6bab;0x4b6c22;0x4b6ca6;0x4b6d1d;0x4b6e10;0x4b6fb1;0x4b70d8;0x4ba23a		
0x4bc234	MSVCRT.dll	sprintf	79	17	216	0x401000;0x4022e0;0x402b30;0x40a8a0;0x40aff0;0x40b0f0;0x40b1f0;0x40ba60;0x421d50;0x445a60;0x44b6f0;0x44c060;0x44c270;0x44c390;0x44e500;0x44ff90;0x450ca0;0x451ac0;0x451f10;0x452360;0x452a20;0x4532c0;0x453b00;0x453d00;0x453df0;0x454340;0x454960;0x454c10;0x4556c0;0x4559a0;0x455de0;0x455e60;0x455fa0;0x456ea0;0x456fb0;0x459fa0;0x45e2b0;0x463a80;0x464890;0x46ce30;0x46dfe0;0x46f2b0;0x4939d0;0x496870;0x496ab0;0x49e0a0;0x49f790;0x4b06b0;0x4b10e0;0x4b1df0;0x4b23e0;0x4b28c0;0x4b2b30;0x4b2d50;0x4b2e00;0x4b3030;0x4b3310;0x4b4c10;0x4b56d0;0x4b95f0;0x4b9740;0x4b9800;0x4b9bd0;0x4b9fc0	0		0		216	00401000;004022e0;00402b30;0040a8a0;0040aff0;0040b0f0;0040b1f0;0040ba60;00421d50;00445a60;0044b6f0;0044c060;0044c270;0044c390;0044e500;0044ff90;00450ca0;00451ac0;00451f10;00452360;00452a20;004532c0;00453b00;00453d00;00453df0;00454340;00454960;00454c10;004556c0;004559a0;00455de0;00455e60;00455fa0;00456ea0;00456fb0;00459fa0;0045e2b0;00463a80;00464890;0046ce30;...	0x40250e;0x403b31;0x403bbd;0x403c24;0x403ca7;0x40aa04;0x40b05e;0x40b15e;0x40b25e;0x40bb49;0x421e07;0x445ae7;0x44c15d;0x44c227;0x44c35a;0x44c475;0x4501b0;0x4501c8;0x4502ed;0x4502ff;0x453b7a;0x453b8f;0x453d41;0x453e70;0x454026;0x454527;0x45459d;0x454b1e;0x454b94;0x454d58;0x454dce;0x45573d;0x455b89;0x455ead;0x45600e;0x456ee7;0x4570c4;0x45a162;0x45a30e;0x45e3be;0x4640a9;0x464d17;0x46d0b0;0x46e0c7;0x46e0e6;0x46f31a;0x4939fd;0x493ac6;0x496938;0x496d01;0x49e0be;0x49f880;0x4b0728;0x4b1219;0x4b1279;0x4b12d9;0x4b20c1;0x4b289e;0x4b294c;0x4b2972;0x4b2b9a;0x4b2d8c;0x4b2dba;0x4b2e5f;0x4b307b;0x4b30a3;0x4b329a;0x4b335b;0x4b3383;0x4b3437;0x4b57f4;0x4b962a;0x4b965b;0x4b9719;0x4b97c6;0x4b9a2d;0x4b9a56;0x4b9ab0;0x4b9ca8	0x4010e5;0x44b781;0x44e5ed;0x450ca9;0x451b90;0x451dfe;0x451f4e;0x4521bd;0x452402;0x452c16;0x45333d;0x455e11;0x4b14e7;0x4b318d;0x4b344d;0x4b4c29;0x4b9fca	0x454026
0x4bc238	MSVCRT.dll	_splitpath	22	3	53	0x401000;0x402b30;0x404c40;0x425130;0x425ef0;0x455e60;0x48e1a0;0x4ad6f0;0x4ae5e0;0x4aeb90;0x4b0350;0x4b06b0;0x4b16e0;0x4b1a20;0x4b42b0;0x4b4610;0x4b72b0;0x4b73a0;0x4b8500	0		0		53	00401000;00402b30;00404c40;00425130;00425ef0;00455e60;0048e1a0;004ad6f0;004ae5e0;004aeb90;004b0350;004b06b0;004b16e0;004b1a20;004b42b0;004b4610;004b72b0;004b73a0;004b8500	0x40119d;0x40363c;0x404c5a;0x425200;0x425308;0x42549c;0x4257b1;0x42588a;0x425993;0x425b1b;0x425f81;0x455f19;0x48e20e;0x4ae637;0x4aec0b;0x4b038d;0x4b171b;0x4b1a58;0x4b46b8;0x4b72ec;0x4b73f1;0x4b858e	0x4ad723;0x4b0738;0x4b42d3	
0x4bc23c	MSVCRT.dll	fopen	23	3	55	0x401000;0x4026c0;0x42de70;0x431f60;0x44d280;0x44d460;0x4524e0;0x455e60;0x4764c0;0x479c90;0x479ec0;0x47a100;0x495170;0x4970f0;0x497290;0x498af0;0x4990b0;0x4b23e0;0x4b3030;0x4b3310;0x4b4840;0x4b95f0;0x4b9740	0		0		55	00401000;004026c0;0042de70;00431f60;0044d280;0044d460;004524e0;00455e60;004764c0;00479c90;00479ec0;0047a100;00495170;004970f0;00497290;00498af0;004990b0;004b23e0;004b3030;004b3310;004b4840;004b95f0;004b9740	0x401088;0x402b0f;0x42df2b;0x431f71;0x44d291;0x44d40a;0x44d4e3;0x452500;0x455ed7;0x4764f3;0x479ca7;0x479f6b;0x47a112;0x4951fa;0x49729b;0x4976c6;0x498afb;0x4990bd;0x4b23f7;0x4b31b8;0x4b3478;0x4b4878;0x4b9798	0x497122;0x4b95ff;0x4b974f	0x4976c6
0x4bc240	MSVCRT.dll	_isnan	0	1	4	0x4ba370	0		0		4	004ba370		0x4ba56f	
0x4bc244	MSVCRT.dll	_open	1	0	2	0x49ab50	0		0		2	0049ab50	0x49ab67		
0x4bc248	MSVCRT.dll	_read	3	2	16	0x49ab50	0		0		16	0049ab50	0x49acd1;0x49acde;0x49ad62	0x49ab8f;0x49ac77	
0x4bc24c	MSVCRT.dll	_close	3	0	6	0x49ab50	0		0		6	0049ab50	0x49abbe;0x49add0;0x49adea		
0x4bc250	MSVCRT.dll	_lseek	1	0	2	0x49ab50	0		0		2	0049ab50	0x49adc3		
0x4bc254	MSVCRT.dll	_strlwr	12	4	42	0x448940;0x448bf0;0x448e40;0x449220;0x46ac50;0x46fd40;0x46fee0;0x46ffc0;0x470340;0x470660;0x4b28c0;0x4b42b0	0		0		42	00448940;00448bf0;00448e40;00449220;0046ac50;0046fd40;0046fee0;0046ffc0;00470340;00470660;004b28c0;004b42b0	0x44805f;0x448333;0x44843c;0x448799;0x46ac89;0x46fd5f;0x46feff;0x46ffdd;0x47035d;0x4709ea;0x4b29b0;0x4b4305	0x44895e;0x448c0e;0x448e5e;0x44923e	0x44805f;0x448333;0x44843c;0x448799
0x4bc258	MSVCRT.dll	srand	2	1	7	0x402b30;0x4a9020;0x4ad260	0		0		7	00402b30;004a9020;004ad260	0x402d9b;0x4a9084	0x4ad263	
0x4bc25c	MSVCRT.dll	_putch	0	1	2	0x424550	0		0		2	00424550		0x4245df	
0x4bc260	MSVCRT.dll	_strnicmp	36	9	104	0x402b30;0x4588b0;0x45adf0;0x469b00;0x46aa80;0x46ac50;0x46b220;0x470d90;0x470ed0;0x470f90;0x471250;0x4716b0;0x49ccd0;0x49d1d0;0x4aeb90;0x4af8f0;0x4b0150;0x4b0190;0x4b0290;0x4b0350;0x4b16e0;0x4b1cb0;0x4b3650;0x4b41e0;0x4b42b0;0x4b4a80;0x4b75a0;0x4b7800;0x4b7ac0;0x4b8230;0x4b8e20	0		0		104	00402b30;004588b0;0045adf0;00469b00;0046aa80;0046ac50;0046b220;00470d90;00470ed0;00470f90;00471250;004716b0;0049ccd0;0049d1d0;004aeb90;004af8f0;004b0150;004b0190;004b0290;004b0350;004b16e0;004b1cb0;004b3650;004b41e0;004b42b0;004b4a80;004b75a0;004b7800;004b7ac0;004b8230;004b8e20	0x404699;0x44819d;0x448256;0x44835e;0x448467;0x4588dd;0x469be4;0x46ab7a;0x46ae45;0x46b32c;0x470e7d;0x470f62;0x47106c;0x4711e9;0x471345;0x47177f;0x49d3a3;0x4af962;0x4afa45;0x4afb28;0x4afc16;0x4afcf9;0x4afddc;0x4afecd;0x4b015d;0x4b01df;0x4b03a7;0x4b1d0e;0x4b3679;0x4b41f5;0x4b446f;0x4b4aa2;0x4b7640;0x4b7655;0x4b82ce;0x4b8e65	0x403484;0x40414b;0x45aec6;0x49cd07;0x4aee63;0x4b02a4;0x4b177d;0x4b7892;0x4b7b09	0x44819d;0x448256;0x44835e;0x448467
0x4bc264	MSVCRT.dll	fclose	32	1	67	0x401000;0x402b30;0x42de70;0x431f60;0x44d280;0x44d460;0x4524e0;0x455e60;0x4764c0;0x479c90;0x479ec0;0x47a100;0x495170;0x4970f0;0x497290;0x498c00;0x4990b0;0x4b23e0;0x4b3030;0x4b3310;0x4b4840;0x4b49a0;0x4b95f0;0x4b9740;0x4b9af0	0		0		67	00401000;00402b30;0042de70;00431f60;0044d280;0044d460;004524e0;00455e60;004764c0;00479c90;00479ec0;0047a100;00495170;004970f0;00497290;00498c00;004990b0;004b23e0;004b3030;004b3310;004b4840;004b49a0;004b95f0;004b9740;004b9af0	0x4011e9;0x4040de;0x42e1af;0x4324d8;0x44d2c7;0x44d423;0x44d762;0x4528f3;0x455ef9;0x4765bc;0x4766a7;0x479cf2;0x479e2e;0x47a0e2;0x47a159;0x49521d;0x4972be;0x4976eb;0x498d36;0x4990f8;0x4b2820;0x4b3234;0x4b32be;0x4b32d5;0x4b34d6;0x4b48e4;0x4b49f7;0x4b9616;0x4b96f6;0x4b9723;0x4b97e4;0x4b9af9	0x497186	0x4976eb
0x4bc268	MSVCRT.dll	fread	9	2	26	0x401000;0x4764c0;0x479c90;0x47a100;0x4970f0;0x4b3030;0x4b9800;0x4b9bd0	0		0		26	00401000;004764c0;00479c90;0047a100;004970f0;004b3030;004b9800;004b9bd0	0x4010c8;0x401135;0x479cd2;0x49719e;0x4b327a;0x4b9829;0x4b9980;0x4b9a08;0x4b9c87	0x476513;0x47a12a	
0x4bc26c	MSVCRT.dll	strchr	10	3	31	0x4026c0;0x446c90;0x4474b0;0x4478b0;0x447b20;0x449680;0x449a00;0x44a290;0x470660;0x4716b0;0x4a1810;0x4a24a0;0x4ba640	0		0		31	004026c0;00446c90;004474b0;004478b0;00447b20;00449680;00449a00;0044a290;00470660;004716b0;004a1810;004a24a0;004ba640	0x4026ff;0x446f75;0x4474e7;0x4478e5;0x447b55;0x449783;0x449a87;0x44a37e;0x4a19d4;0x4a24d9	0x4706a0;0x47171e;0x4ba679	
0x4bc270	MSVCRT.dll	_unlink	5	0	10	0x401000;0x401250;0x4524e0;0x455de0;0x455f90	0		0		10	00401000;00401250;004524e0;00455de0;00455f90	0x401075;0x401266;0x4524ed;0x455e0b;0x455f95		
0x4bc274	MSVCRT.dll	_mkdir	2	0	4	0x401000;0x455de0	0		0		4	00401000;00455de0	0x401068;0x455dfe		
0x4bc278	MSVCRT.dll	_access	2	0	4	0x401000;0x455de0	0		0		4	00401000;00455de0	0x401056;0x455dec		
0x4bc27c	MSVCRT.dll	_ftol	0	0	1	0x4ba090	1	0x4ba090	0		246	00401280;00408030;0040c210;0040c480;0040e340;0040eaf0;0040f1e0;00412ce0;00415b30;00416650;0041f590;0041fb90;004217e0;00426c30;00440740;00443fc0;00445ba0;00448e40;00449220;0044d780;0044d9e0;0044ed50;0044f830;00450490;00450870;004524e0;00454ff0;00458a30;00459fa0;0045a450;0045af10;0045baa0;0045bc20;0045be20;00463120;004641e0;004644d0;00465620;00466eb0;00467a70;...			
0x4bc280	MSVCRT.dll	_pctype	0	13	13	0x401540;0x44c270;0x44c390;0x44ca60;0x44cc90;0x44d280;0x44d460;0x4716b0;0x48e1a0;0x4b20f0	0		0		13	00401540;0044c270;0044c390;0044ca60;0044cc90;0044d280;0044d460;004716b0;0048e1a0;004b20f0		0x40161e;0x44c299;0x44c3b9;0x44cae2;0x44cd02;0x44cdf5;0x44cf72;0x44d3a5;0x44d574;0x471747;0x4717d4;0x48e2f6;0x4b2188	
0x4bc284	MSVCRT.dll	_isctype	5	5	23	0x401540;0x44c270;0x44c390;0x44ca60;0x44cc90;0x44d280;0x44d460;0x4716b0;0x48e1a0;0x4b20f0	0		0		23	00401540;0044c270;0044c390;0044ca60;0044cc90;0044d280;0044d460;004716b0;0048e1a0;004b20f0	0x401613;0x44c28a;0x44c3aa;0x44d569;0x4b217d	0x44ca67;0x44cc97;0x44d2e1;0x471718;0x48e2a2	
0x4bc288	MSVCRT.dll	__mb_cur_max	0	13	13	0x401540;0x44c270;0x44c390;0x44ca60;0x44cc90;0x44d280;0x44d460;0x4716b0;0x48e1a0;0x4b20f0	0		0		13	00401540;0044c270;0044c390;0044ca60;0044cc90;0044d280;0044d460;004716b0;0048e1a0;004b20f0		0x4015ff;0x44c270;0x44c390;0x44caca;0x44ccea;0x44cddd;0x44cf5a;0x44d373;0x44d558;0x471730;0x4717bc;0x48e2d7;0x4b216c	
0x4bc28c	MSVCRT.dll	strncpy	90	17	238	0x401540;0x4022e0;0x402b30;0x404c40;0x423620;0x424fd0;0x425070;0x42de70;0x4461e0;0x446330;0x4465b0;0x4466c0;0x4474b0;0x448890;0x448940;0x448bf0;0x448e40;0x449220;0x449680;0x449a00;0x449e60;0x44a150;0x44a290;0x44aa20;0x44ac80;0x44ae50;0x450ca0;0x451180;0x4513c0;0x45cbe0;0x462660;0x466180;0x469b00;0x46aa80;0x46ac50;0x46b220;0x46b8b0;0x46ba10;0x46bb90;0x46c8b0;0x46cba0;0x46d590;0x46f700;0x46fd40;0x46fee0;0x46ffc0;0x470070;0x470340;0x4703a0;0x4704a0;0x470580;0x4716b0;0x49ba40;0x49bae0;0x49f210;0x49f790;0x4a11e0;0x4a2ff0;0x4ad450;0x4ad640;0x4ad6f0;0x4ae000;0x4ae5e0;0x4ae780;0x4ae920;0x4aeb90;0x4b0320;0x4b16e0;0x4b1cb0;0x4b23e0;0x4b28c0;0x4b3db0;0x4b42b0;0x4b4610;0x4b4a80;0x4b58a0;0x4b75a0;0x4b7800;0x4b8500;0x4b8c40;0x4b9b40;0x4b9bd0	0		0		238	00401540;004022e0;00402b30;00404c40;00423620;00424fd0;00425070;0042de70;004461e0;00446330;004465b0;004466c0;004474b0;00448890;00448940;00448bf0;00448e40;00449220;00449680;00449a00;00449e60;0044a150;0044a290;0044aa20;0044ac80;0044ae50;00450ca0;00451180;004513c0;0045cbe0;00462660;00466180;00469b00;0046aa80;0046ac50;0046b220;0046b8b0;0046ba10;0046bb90;0046c8b0;...	0x4015c0;0x401665;0x402522;0x402d19;0x403654;0x40419d;0x404c6f;0x42374f;0x425024;0x4250bc;0x42df6c;0x446317;0x4464a4;0x44667f;0x44677e;0x4477ad;0x448051;0x448132;0x4484cc;0x44856a;0x4485f8;0x448686;0x44878f;0x4488ee;0x449fa1;0x44a25f;0x44a463;0x44a487;0x44aa55;0x44af3b;0x450db6;0x451248;0x451417;0x45ce4e;0x462736;0x466260;0x466a24;0x469b7d;0x469cab;0x46abaa;0x46ae75;0x46b0cb;0x46b35c;0x46b5a1;0x46b94f;0x46baa6;0x46bc71;0x46cc1c;0x46d66b;0x46f7a4;0x46fd51;0x46fef1;0x46ffcf;0x470278;0x47034f;0x470425;0x470525;0x470605;0x471807;0x49babc;0x49bb02;0x49f2ab;0x49fa65;0x4ad513;0x4ad664;0x4ad764;0x4ae08b;0x4ae17b;0x4ae64c;0x4ae7ac;0x4ae936;0x4aec23;0x4b0330;0x4b181f;0x4b1dae;0x4b2769;0x4b29d7;0x4b3e5f;0x4b417f;0x4b42cd;0x4b465b;0x4b4758;0x4b4b54;0x4b5c02;0x4b5cdc;0x4b5db6;0x4b85a3;0x4b8c72;0x4b9b4f;0x4b9be5	0x4481f5;0x448203;0x448244;0x448951;0x448c01;0x448e51;0x449231;0x4497c3;0x449863;0x449a76;0x44a3c2;0x44aca4;0x46c921;0x4a12aa;0x4a3117;0x4b7686;0x4b78e3	0x448051;0x448132;0x4481f5;0x448203;0x448244;0x4484cc;0x44856a;0x4485f8;0x448686;0x44878f
0x4bc290	MSVCRT.dll	strpbrk	10	2	25	0x401540;0x448890;0x469b00	0		0		25	00401540;00448890;00469b00	0x40159a;0x40163f;0x448101;0x4481c1;0x44827a;0x448382;0x44848b;0x4488b5;0x469b4c;0x469c7a	0x448521;0x448542	0x448101;0x4481c1;0x44827a;0x448382;0x44848b;0x448521;0x448542
0x4bc294	MSVCRT.dll	_except_handler3	0	0	0		1	0x4ba0d0	0		0				0x4ba0d0
0x4bc298	MSVCRT.dll	fprintf	11	8	159	0x402290;0x4026c0;0x42ede0;0x42f6b0;0x42fac0;0x431f60;0x4324f0;0x432690;0x432740;0x4469a0;0x4474b0;0x470070;0x498c00;0x498d60;0x4990b0	0		0		159	00402290;004026c0;0042ede0;0042f6b0;0042fac0;00431f60;004324f0;00432690;00432740;004469a0;004474b0;00470070;00498c00;00498d60;004990b0	0x4027cd;0x4028ea;0x40295c;0x402a04;0x402ab4;0x42f5cf;0x42fa90;0x42fb2f;0x446b14;0x4476b6;0x470222	0x402299;0x431faa;0x4324f7;0x432697;0x432747;0x498c18;0x498d87;0x4990c3	
0x4bc29c	MSVCRT.dll	strncmp	7	1	16	0x4026c0;0x44c8a0;0x44cc90;0x46ffc0;0x4a1810;0x4a24a0;0x4b1df0	0		0		16	004026c0;0044c8a0;0044cc90;0046ffc0;004a1810;004a24a0;004b1df0	0x40298b;0x44c9b6;0x44d01d;0x44d173;0x470002;0x4a19f0;0x4a24f5	0x4b1f4f	
0x4bc38c	anetdll.dll	dpSend	12	0	24	0x455fa0;0x4560a0;0x456100;0x456220;0x456320;0x4563a0;0x456410;0x456490;0x4564e0;0x456530;0x4565b0;0x456640	0		0		24	00455fa0;004560a0;00456100;00456220;00456320;004563a0;00456410;00456490;004564e0;00456530;004565b0;00456640	0x456089;0x4560ec;0x456207;0x456302;0x45638d;0x456403;0x456475;0x4564d0;0x45651d;0x45659b;0x456620;0x456685		
0x4bc390	anetdll.dll	dpEnumGroups	0	1	3	0x454090	0		0		3	00454090		0x4540b9	
0x4bc394	anetdll.dll	dpEnumPlayers	1	0	2	0x454090	0		0		2	00454090	0x454171		
0x4bc398	anetdll.dll	dpGetPlayerName	4	3	17	0x4541b0;0x454340;0x454960;0x454c10;0x454ff0;0x455130;0x4559a0	0		0		17	004541b0;00454340;00454960;00454c10;00454ff0;00455130;004559a0	0x454227;0x4550c3;0x4551d1;0x455ac7	0x4543f1;0x4549f3;0x454c25	
0x4bc39c	anetdll.dll	dpReceive	0	3	6	0x452f20;0x4532c0;0x454090	0		0		6	00452f20;004532c0;00454090		0x452f40;0x453337;0x454101	
0x4bc3a0	anetdll.dll	dpAddPlayerToGroup	1	0	2	0x452f20	0		0		2	00452f20	0x453224		
0x4bc3a4	anetdll.dll	dpEnumGroupPlayers	1	0	2	0x454090	0		0		2	00454090	0x454194		
0x4bc3a8	anetdll.dll	dpDestroyPlayer	3	0	6	0x4557a0;0x456ea0;0x456fb0	0		0		6	004557a0;00456ea0;00456fb0	0x4557b2;0x456f9e;0x4570e3		
0x4bc3ac	anetdll.dll	dpGetPlayerData	6	1	14	0x4524e0;0x4541b0;0x455230;0x456970;0x456c10;0x456fb0	0		0		14	004524e0;004541b0;00455230;00456970;00456c10;00456fb0	0x452720;0x4542e7;0x45540d;0x456a34;0x456cb7;0x456fe7	0x4527c9	
0x4bc3b0	anetdll.dll	dpSetPlayerData	1	3	17	0x452e30;0x454340;0x454960;0x454c10	0		0		17	00452e30;00454340;00454960;00454c10	0x452ec4	0x4543fa;0x4549f9;0x454c2d	
0x4bc000	ADVAPI32.dll	RegOpenKeyExA	1	1	5	0x450ca0;0x4b2220	0		0		5	00450ca0;004b2220	0x4b225a	0x450cbc	
0x4bc004	ADVAPI32.dll	RegCloseKey	5	0	10	0x450ca0;0x4b2220	0		0		10	00450ca0;004b2220	0x450d49;0x450dc4;0x4b22c5;0x4b22de;0x4b233d		
0x4bc008	ADVAPI32.dll	RegQueryValueExA	1	1	5	0x450ca0;0x4b2220	0		0		5	00450ca0;004b2220	0x4b22ae	0x450d0f	
0x4bc00c	ADVAPI32.dll	RegCreateKeyExA	1	0	2	0x4b2220	0		0		2	004b2220	0x4b2285		
0x4bc010	ADVAPI32.dll	RegSetValueExA	1	0	2	0x4b2220	0		0		2	004b2220	0x4b2332		
0x4bc364	WIN32.dll	mciGetErrorStringA	1	0	2	0x423b30	0		0		2	00423b30	0x423be3		
0x4bc368	WIN32.dll	auxSetVolume	2	0	4	0x423d50;0x424b60	0		0		4	00423d50;00424b60	0x423eee;0x424b9f		
0x4bc36c	WIN32.dll	auxGetNumDevs	1	0	2	0x423b30	0		0		2	00423b30	0x423c87		
0x4bc370	WIN32.dll	timeGetTime	3	0	6	0x498b50;0x498b80;0x498d60	0		0		6	00498b50;00498b80;00498d60	0x498b59;0x498b8b;0x498d74		
0x4bc374	WIN32.dll	mciSendCommandA	2	9	50	0x423b30;0x423d50;0x423f70;0x423fb0;0x424090;0x424190;0x424470;0x424550;0x424670;0x4249a0;0x424ac0	0		0		50	00423b30;00423d50;00423f70;00423fb0;00424090;00424190;00424470;00424550;00424670;004249a0;00424ac0	0x423f8d;0x424aea	0x423b55;0x423d7a;0x423fc7;0x4240a7;0x4241ba;0x424484;0x424569;0x42469b;0x4249c3	
0x4bc378	WIN32.dll	joyGetNumDevs	0	0	1	0x44ff80	1	0x44ff80	0		2	0044ff80			
0x4bc37c	WIN32.dll	joyGetDevCapsA	2	0	4	0x44ff90;0x450490	0		0		4	0044ff90;00450490	0x44ffa9;0x4504c0		
0x4bc380	WIN32.dll	auxGetDevCapsA	2	0	4	0x423b30	0		0		4	00423b30	0x423cad;0x423ce4		
0x4bc384	WIN32.dll	joyGetPosEx	2	0	4	0x450490;0x450870	0		0		4	00450490;00450870	0x4504ee;0x4508df		
0x4bc024	DSOUND.dll	DirectSoundCreate	0	0	1	0x4ba356	1	0x4ba356	0		2	00425c10;004ba356			
0x4bc3c4	smackw32.DLL	#21	2	0	4	0x499d60;0x49a670	0		0		4	00499d60;0049a670	0x499ec7;0x49a77d		
0x4bc3c8	smackw32.DLL	#32	1	0	2	0x49a670	0		0		2	0049a670	0x49a68b		
0x4bc3cc	smackw32.DLL	#7	2	0	4	0x49a640;0x49ae50	0		0		4	0049a640;0049ae50	0x49a653;0x49ae6c		
0x4bc3d0	smackw32.DLL	#14	0	1	3	0x49a070	0		0		3	0049a070		0x49a1df	
0x4bc3d4	smackw32.DLL	#5	1	0	2	0x499d60	0		0		2	00499d60	0x499dcb		
0x4bc3d8	smackw32.DLL	#17	2	0	4	0x49ae20;0x49ae50	0		0		4	0049ae20;0049ae50	0x49ae2c;0x49ae86		
0x4bc3dc	smackw32.DLL	#23	2	0	4	0x49a070;0x49a670	0		0		4	0049a070;0049a670	0x49a498;0x49a73a		
0x4bc3e0	smackw32.DLL	#18	6	0	12	0x499d60;0x49a070;0x49a670;0x49a920;0x49a9f0	0		0		12	00499d60;0049a070;0049a670;0049a920;0049a9f0	0x499f01;0x49a2d2;0x49a378;0x49a7b6;0x49a944;0x49aa18		
0x4bc3e4	smackw32.DLL	#28	0	1	3	0x499d60	0		0		3	00499d60		0x499e0e	
0x4bc3e8	smackw32.DLL	#25	1	0	2	0x499d60	0		0		2	00499d60	0x499df6		
0x4bc3ec	smackw32.DLL	#19	2	0	4	0x499d60;0x49a670	0		0		4	00499d60;0049a670	0x499e02;0x49a747		
0x4bc3f0	smackw32.DLL	#3	0	1	3	0x499d60	0		0		3	00499d60		0x499e20	
0x4bc3f4	smackw32.DLL	#6	5	0	10	0x499d60;0x49a070;0x49a670;0x49a920;0x49a9f0	0		0		10	00499d60;0049a070;0049a670;0049a920;0049a9f0	0x499ee7;0x49a2b8;0x49a79c;0x49a92a;0x49a9fe		
0x4bc3f8	smackw32.DLL	#38	2	0	4	0x49a040	0		0		4	0049a040	0x49a04c;0x49a05a		
0x4bc3fc	smackw32.DLL	#2	1	0	2	0x49a070	0		0		2	0049a070	0x49a35b		
0x4bc018	DDRAW.dll	DirectDrawCreate	0	0	1	0x4ba35c	1	0x4ba35c	0		4	00432900;00475180;004ba35c			
0x4bc01c	DDRAW.dll	DirectDrawEnumerateA	0	0	1	0x4ba362	1	0x4ba362	0		2	00432900;004ba362			
0x4bc098	IMM32.dll	ImmAssociateContext	0	0	1	0x4ba368	1	0x4ba368	0		3	0044ece0;004ba368			
0x4bc3b8	ole32.dll	CoInitialize	1	0	2	0x425c10	0		0		2	00425c10	0x425c42		
0x4bc3bc	ole32.dll	CoUninitialize	2	0	4	0x425c10;0x425e00	0		0		4	00425c10;00425e00	0x425c88;0x425e42		
